"","D.overlap","eq.test","expansion","stability","Unfilling"
"1",0.179557543103912,0,0.240509924997355,0.759490075002645,0.209674099108323
