"","D.overlap","eq.test","expansion","stability","Unfilling"
"1",0.0914866210124964,0,0.812797687736854,0.187202312263146,0.547248888317339
