"","D.overlap","eq.test","expansion","stability","Unfilling"
"1",0.0497186955989014,0,0.0567957709778288,0.943204229022171,0.381883543215608
