"","D.overlap","eq.test","expansion","stability","Unfilling"
"1",0.179371862290639,0,0.183914248900146,0.816085751099854,0.237204656962932
