"","D.overlap","eq.test","expansion","stability","Unfilling"
"1",0.02000612166417,0,0.540444307166029,0.459555692833971,0.959720205947356
