"","Variables","VIF"
"1","wc2.1_30s_bio_13",3.56724365569544
"2","wc2.1_30s_bio_14",2.60937288712224
"3","wc2.1_30s_bio_18",3.41470601344147
"4","wc2.1_30s_bio_19",3.01411843317688
"5","wc2.1_30s_bio_2",2.43861254264732
"6","wc2.1_30s_bio_3",2.53987855832959
"7","wc2.1_30s_bio_5",2.75747651153051
"8","wc2.1_30s_bio_8",2.6063293189888
"9","wc2.1_30s_bio_9",3.88647712192072
