"","D.overlap","eq.test","expansion","stability","Unfilling"
"1",0.00880003044631428,0,0.98512229507226,0.0148777049277395,0.988492487779044
