"","D.overlap","eq.test","expansion","stability","Unfilling"
"1",0.118771470338826,0,0.215464053693715,0.784535946306285,0.843741106636907
