"","D.overlap","eq.test","expansion","stability","Unfilling"
"1",0.010107009892616,0,0.9655725869241,0.0344274130759003,0.973538631824984
