"","D.overlap","eq.test","expansion","stability","Unfilling"
"1",0.50049691816394,0,0.0306002614199916,0.969399738580008,0
